/*
SQLyog Ultimate v11.5 (64 bit)
MySQL - 5.6.10 : Database - stockdiary
*********************************************************************
*/

/*!40101 SET NAMES utf8 */;

/*!40101 SET SQL_MODE=''*/;

/*!40014 SET @OLD_UNIQUE_CHECKS=@@UNIQUE_CHECKS, UNIQUE_CHECKS=0 */;
/*!40014 SET @OLD_FOREIGN_KEY_CHECKS=@@FOREIGN_KEY_CHECKS, FOREIGN_KEY_CHECKS=0 */;
/*!40101 SET @OLD_SQL_MODE=@@SQL_MODE, SQL_MODE='NO_AUTO_VALUE_ON_ZERO' */;
/*!40111 SET @OLD_SQL_NOTES=@@SQL_NOTES, SQL_NOTES=0 */;
CREATE DATABASE /*!32312 IF NOT EXISTS*/`stockdiary` /*!40100 DEFAULT CHARACTER SET utf8 */;

USE `stockdiary`;

/*Table structure for table `base_menu` */

DROP TABLE IF EXISTS `base_menu`;

CREATE TABLE `base_menu` (
  `code` char(32) NOT NULL,
  `pcode` char(32) DEFAULT NULL,
  `name` varchar(128) NOT NULL,
  `sort` int(11) DEFAULT NULL,
  `url` varchar(500) DEFAULT NULL,
  `picture` varchar(500) DEFAULT NULL,
  PRIMARY KEY (`code`)
) ENGINE=InnoDB DEFAULT CHARSET=utf8;

/*Data for the table `base_menu` */

insert  into `base_menu`(`code`,`pcode`,`name`,`sort`,`url`,`picture`) values ('01','moneymanage','银证转账',1,'/stock/bill/bstransfer.jsp',''),('appset','','应用设置',2,'',''),('assetstatereport','stockreport','资产统计',1,'/stock/report/assertstatereport.jsp',''),('base','','基础设置',1,'',''),('base001','base','Hibernate设置',4,'/base/hibernate/set.jsp',''),('base002','base','菜单设置',1,'/base/basemenu/menu.jsp',''),('base_role','base','角色设置',3,'/base/rule/rulemanage.jsp',''),('getstockprice','appset','同步股价',2,'/stock/set/getstockprice.jsp',''),('gptrade','stocktrade','股票交易',1,'/stock/bill/trade.jsp',''),('moneymanage','','资金管理',3,'',''),('moneyreport','moneymanage','资金报表',2,'/stock/report/moneyreport.jsp',''),('optionstock','appset','自选股',3,'',''),('PLanalyse','stockreport','盈亏分析',2,'',''),('stockreport','','统计报表',5,'',''),('stockset','appset','股票设置',1,'/stock/set/stock.jsp',''),('stocktrade','','证券交易',4,'',''),('tradefee','appset','费用设置',4,'/stock/set/tradefee.jsp',''),('tradereport','stocktrade','交易报表',3,'/stock/report/tradereport.jsp','');

/*Table structure for table `base_role` */

DROP TABLE IF EXISTS `base_role`;

CREATE TABLE `base_role` (
  `role_id` int(11) NOT NULL,
  `role_code` varchar(100) NOT NULL,
  `role_name` varchar(100) NOT NULL,
  PRIMARY KEY (`role_id`)
) ENGINE=InnoDB DEFAULT CHARSET=utf8;

/*Data for the table `base_role` */

insert  into `base_role`(`role_id`,`role_code`,`role_name`) values (1,'sa','超级管理员');

/*Table structure for table `base_rolemenu` */

DROP TABLE IF EXISTS `base_rolemenu`;

CREATE TABLE `base_rolemenu` (
  `id` int(11) NOT NULL,
  `role_code` varchar(100) NOT NULL,
  `menu_code` varchar(100) NOT NULL,
  PRIMARY KEY (`id`)
) ENGINE=InnoDB DEFAULT CHARSET=utf8;

/*Data for the table `base_rolemenu` */

/*Table structure for table `base_user` */

DROP TABLE IF EXISTS `base_user`;

CREATE TABLE `base_user` (
  `user_id` int(11) NOT NULL,
  `user_name` char(32) NOT NULL,
  `user_pwd` char(128) NOT NULL,
  `role_id` int(11) DEFAULT NULL,
  PRIMARY KEY (`user_id`)
) ENGINE=InnoDB DEFAULT CHARSET=utf8;

/*Data for the table `base_user` */

insert  into `base_user`(`user_id`,`user_name`,`user_pwd`,`role_id`) values (0,'sa','1',1);

/*Table structure for table `core_flexset` */

DROP TABLE IF EXISTS `core_flexset`;

CREATE TABLE `core_flexset` (
  `flexset_code` varchar(100) NOT NULL,
  `flexset_name` varchar(100) NOT NULL,
  `type` varchar(45) NOT NULL,
  `query_sql` text,
  PRIMARY KEY (`flexset_code`)
) ENGINE=InnoDB DEFAULT CHARSET=utf8;

/*Data for the table `core_flexset` */

insert  into `core_flexset`(`flexset_code`,`flexset_name`,`type`,`query_sql`) values ('PLAT_THEME','主题选择','const',NULL),('SD_BSTRANS_TYPE','资金转账类型','table','select trade_code code,trade_name name from sd_trade_type where trade_pcode=\'BSTRANS\''),('SD_FEE_BASE','交易费用计算计基础','const',NULL),('SD_MARKET','证券市场','const',NULL),('SD_STOCK_SEL','股票选择值集','table','select stock_code code,stock_name name,stock_type,stock_market\r\nfrom sd_stock'),('SD_STOCK_TRADE','股票交易','table','select trade_code code,trade_name name from sd_trade_type where trade_pcode=\'stock_trade\''),('SD_STOCK_TYPE','证券种类','const',NULL);

/*Table structure for table `core_flexset_data` */

DROP TABLE IF EXISTS `core_flexset_data`;

CREATE TABLE `core_flexset_data` (
  `data_id` int(11) NOT NULL AUTO_INCREMENT,
  `flexset_code` varchar(100) DEFAULT NULL,
  `code` varchar(100) DEFAULT NULL,
  `name` varchar(100) DEFAULT NULL,
  `pcode` varchar(100) DEFAULT NULL,
  `sort` int(11) DEFAULT NULL,
  PRIMARY KEY (`data_id`)
) ENGINE=InnoDB AUTO_INCREMENT=18 DEFAULT CHARSET=utf8;

/*Data for the table `core_flexset_data` */

insert  into `core_flexset_data`(`data_id`,`flexset_code`,`code`,`name`,`pcode`,`sort`) values (3,'SD_STOCK_TYPE','01','股票',NULL,NULL),(4,'SD_STOCK_TYPE','02','证券',NULL,NULL),(5,'SD_STOCK_TYPE','03','债券逆回购',NULL,NULL),(6,'SD_MARKET','ss','上海证券',NULL,NULL),(7,'SD_MARKET','sz','深圳证券',NULL,NULL),(8,'SD_STOCK_TYPE','04','基金',NULL,NULL),(9,'PLAT_THEME','black','black',NULL,NULL),(10,'PLAT_THEME','bootstrap','bootstrap',NULL,NULL),(11,'PLAT_THEME','classic','classic',NULL,NULL),(12,'PLAT_THEME','gray','gray',NULL,NULL),(13,'PLAT_THEME','metro','metro',NULL,NULL),(14,'PLAT_THEME','metro-gray','metro-gray',NULL,NULL),(15,'PLAT_THEME','metro-orange','metro-orange',NULL,NULL),(16,'SD_FEE_BASE','stockCnt','股票数量',NULL,NULL),(17,'SD_FEE_BASE','stockAllpric','股票全价',NULL,NULL);

/*Table structure for table `core_pref_data` */

DROP TABLE IF EXISTS `core_pref_data`;

CREATE TABLE `core_pref_data` (
  `pref_code` varchar(100) NOT NULL,
  `pref_owner` varchar(100) NOT NULL,
  `pref_value` varchar(500) DEFAULT NULL,
  PRIMARY KEY (`pref_code`,`pref_owner`)
) ENGINE=InnoDB DEFAULT CHARSET=utf8;

/*Data for the table `core_pref_data` */

insert  into `core_pref_data`(`pref_code`,`pref_owner`,`pref_value`) values ('THEME','0','classic');

/*Table structure for table `core_preference` */

DROP TABLE IF EXISTS `core_preference`;

CREATE TABLE `core_preference` (
  `pref_code` varchar(100) NOT NULL,
  `pref_name` varchar(100) DEFAULT NULL,
  `pref_type` varchar(100) DEFAULT NULL,
  `default_value` varchar(500) DEFAULT NULL,
  PRIMARY KEY (`pref_code`)
) ENGINE=InnoDB DEFAULT CHARSET=utf8;

/*Data for the table `core_preference` */

insert  into `core_preference`(`pref_code`,`pref_name`,`pref_type`,`default_value`) values ('THEME','主题','user','black');

/*Table structure for table `sd_bill` */

DROP TABLE IF EXISTS `sd_bill`;

CREATE TABLE `sd_bill` (
  `bill_id` int(11) NOT NULL AUTO_INCREMENT,
  `bill_serialnumber` int(11) DEFAULT NULL,
  `user_ID` int(11) DEFAULT NULL COMMENT '用户ID',
  `acount_id` int(11) DEFAULT NULL COMMENT '账户ID',
  `BILL_DATE` datetime DEFAULT NULL COMMENT '交易时间',
  `bill_bigcatory` varchar(100) DEFAULT NULL COMMENT '大类',
  `bill_catory` varchar(100) DEFAULT NULL COMMENT '小类',
  `BILL_MONEY` decimal(16,4) DEFAULT '0.0000' COMMENT '金额',
  `stock_code` char(10) DEFAULT NULL COMMENT '股票代码',
  `stock_cnt` int(11) DEFAULT NULL COMMENT '股票数量',
  `stock_price` decimal(16,4) DEFAULT '0.0000' COMMENT '股票单价',
  `stock_interest` decimal(16,4) DEFAULT NULL COMMENT '股票利息',
  `stock_allpric` decimal(16,4) DEFAULT NULL COMMENT '股票全价cnt*(price+inter)',
  `fee_commision` decimal(16,4) DEFAULT NULL COMMENT '佣金',
  `fee_tax` decimal(16,4) DEFAULT NULL COMMENT '印花税',
  `fee_other` decimal(16,4) DEFAULT NULL COMMENT '其他费',
  `fee_all` decimal(16,4) DEFAULT NULL COMMENT '费用合计',
  `bill_desc` varchar(500) DEFAULT NULL COMMENT '单据说明',
  `create_time` datetime DEFAULT NULL COMMENT '生成时间',
  `update_time` datetime DEFAULT NULL COMMENT '更新时间',
  PRIMARY KEY (`bill_id`)
) ENGINE=InnoDB AUTO_INCREMENT=57 DEFAULT CHARSET=utf8;

/*Data for the table `sd_bill` */

insert  into `sd_bill`(`bill_id`,`bill_serialnumber`,`user_ID`,`acount_id`,`BILL_DATE`,`bill_bigcatory`,`bill_catory`,`BILL_MONEY`,`stock_code`,`stock_cnt`,`stock_price`,`stock_interest`,`stock_allpric`,`fee_commision`,`fee_tax`,`fee_other`,`fee_all`,`bill_desc`,`create_time`,`update_time`) values (6,NULL,0,NULL,'2013-11-28 10:52:45','BSTRANS','BSINT','3000.0000',NULL,NULL,NULL,NULL,NULL,NULL,NULL,NULL,NULL,'',NULL,NULL),(7,NULL,0,NULL,'2013-12-05 11:00:54','BSTRANS','BSINT','2000.0000','',0,'0.0000','0.0000','0.0000','0.0000','0.0000','0.0000','0.0000','','2014-10-08 11:01:12','2014-10-08 11:03:19'),(8,NULL,0,NULL,'2014-02-09 11:03:37','BSTRANS','BSINT','2000.0000',NULL,NULL,NULL,NULL,NULL,NULL,NULL,NULL,NULL,'','2014-10-08 11:04:03','2014-10-08 11:04:03'),(9,NULL,0,NULL,'2014-02-11 11:04:28','BSTRANS','BSINT','1000.0000',NULL,NULL,NULL,NULL,NULL,NULL,NULL,NULL,NULL,'','2014-10-08 11:04:46','2014-10-08 11:04:46'),(10,NULL,0,NULL,'2014-04-04 11:05:03','BSTRANS','BSINT','100.0000','',NULL,NULL,NULL,NULL,NULL,NULL,NULL,NULL,'','2014-10-08 11:05:08','2014-12-27 22:17:05'),(11,NULL,0,NULL,'2014-04-11 11:05:18','BSTRANS','BSINT','550.0000',NULL,NULL,NULL,NULL,NULL,NULL,NULL,NULL,NULL,'','2014-10-08 11:05:35','2014-10-08 11:05:35'),(12,NULL,0,NULL,'2014-04-29 11:05:55','BSTRANS','BSINT','800.0000',NULL,NULL,NULL,NULL,NULL,NULL,NULL,NULL,NULL,'','2014-10-08 11:06:02','2014-10-08 11:06:02'),(13,NULL,0,NULL,'2014-05-05 11:06:33','BSTRANS','BSINT','679.0000',NULL,NULL,NULL,NULL,NULL,NULL,NULL,NULL,NULL,'','2014-10-08 11:06:39','2014-10-08 11:06:39'),(14,NULL,0,NULL,'2014-05-07 11:06:50','BSTRANS','BSINT','1600.0000',NULL,NULL,NULL,NULL,NULL,NULL,NULL,NULL,NULL,'','2014-10-08 11:07:02','2014-10-08 11:07:02'),(15,NULL,0,NULL,'2014-05-14 11:07:20','BSTRANS','BSINT','3900.0000',NULL,NULL,NULL,NULL,NULL,NULL,NULL,NULL,NULL,'','2014-10-08 11:07:28','2014-10-08 11:07:28'),(16,NULL,0,NULL,'2014-06-30 11:07:52','BSTRANS','BSINT','5000.0000','',NULL,NULL,NULL,NULL,NULL,NULL,NULL,NULL,'','2014-10-08 11:08:02','2014-10-08 11:08:22'),(17,NULL,0,NULL,'2014-07-14 11:09:00','BSTRANS','BSINT','5000.0000',NULL,NULL,NULL,NULL,NULL,NULL,NULL,NULL,NULL,'','2014-10-08 11:09:08','2014-10-08 11:09:08'),(18,NULL,0,NULL,'2014-08-13 11:09:17','BSTRANS','BSINT','2500.0000',NULL,NULL,NULL,NULL,NULL,NULL,NULL,NULL,NULL,'','2014-10-08 11:09:26','2014-10-08 11:09:26'),(19,NULL,0,NULL,'2014-09-17 11:09:38','BSTRANS','BSINT','4000.0000',NULL,NULL,NULL,NULL,NULL,NULL,NULL,NULL,NULL,'','2014-10-08 11:09:47','2014-10-08 11:09:47'),(20,NULL,0,NULL,'2014-03-11 11:11:10','BSTRANS','BSOUT','-100.0000','',NULL,NULL,NULL,NULL,NULL,NULL,NULL,NULL,'','2014-10-08 11:11:17','2014-10-08 11:14:06'),(21,NULL,0,NULL,'2014-03-21 11:11:26','BSTRANS','BSOUT','-50.0000','',NULL,NULL,NULL,NULL,NULL,NULL,NULL,NULL,'','2014-10-08 11:11:34','2014-10-08 11:14:10'),(22,NULL,0,NULL,'2014-04-03 11:11:45','BSTRANS','BSOUT','-1000.0000','',NULL,NULL,NULL,NULL,NULL,NULL,NULL,NULL,'','2014-10-08 11:11:53','2014-12-27 22:16:58'),(23,NULL,0,NULL,'2014-04-09 11:12:13','BSTRANS','BSOUT','-1000.0000','',NULL,NULL,NULL,NULL,NULL,NULL,NULL,NULL,'','2014-10-08 11:12:20','2014-10-08 11:14:21'),(24,NULL,0,NULL,'2014-04-24 11:12:48','BSTRANS','BSOUT','-1000.0000',NULL,NULL,NULL,NULL,NULL,NULL,NULL,NULL,NULL,'','2014-10-08 11:12:55','2014-10-08 11:12:55'),(25,NULL,0,NULL,'2014-04-28 11:13:06','BSTRANS','BSOUT','-2000.0000',NULL,NULL,NULL,NULL,NULL,NULL,NULL,NULL,NULL,'','2014-10-08 11:13:17','2014-10-08 11:13:17'),(26,NULL,0,NULL,'2014-05-26 11:13:34','BSTRANS','BSOUT','-860.0000',NULL,NULL,NULL,NULL,NULL,NULL,NULL,NULL,NULL,'','2014-10-08 11:13:42','2014-10-08 11:13:42'),(27,NULL,0,NULL,'2014-09-29 11:16:13','BSTRANS','BSOUT','-1700.0000',NULL,NULL,NULL,NULL,NULL,NULL,NULL,NULL,NULL,'','2014-10-08 11:16:42','2014-10-08 11:16:42'),(28,NULL,0,NULL,'2014-10-13 16:56:30','BSTRANS','BSOUT','-5000.0000','',NULL,NULL,NULL,NULL,NULL,NULL,NULL,NULL,'','2014-11-13 16:56:41','2014-11-13 16:57:20'),(29,NULL,0,NULL,'2014-10-20 16:57:02','BSTRANS','BSOUT','-10000.0000',NULL,NULL,NULL,NULL,NULL,NULL,NULL,NULL,NULL,'','2014-11-13 16:57:08','2014-11-13 16:57:08'),(30,NULL,0,NULL,'2014-11-07 16:57:34','BSTRANS','BSOUT','-5000.0000',NULL,NULL,NULL,NULL,NULL,NULL,NULL,NULL,NULL,'','2014-11-13 16:57:39','2014-11-13 16:57:39'),(31,NULL,0,NULL,'2014-08-15 14:34:56','stock_trade','gp_sell','10181.6400','002145',-1000,'10.2000','0.0000','10200.0000','8.1600','10.2000','0.0000','18.3600','',NULL,'2014-11-15 18:54:44'),(32,NULL,0,NULL,'2014-08-18 14:38:36','stock_trade','gp_buy','-5705.0000','002362',300,'19.0000','0.0000','-5700.0000','5.0000','0.0000','0.0000','5.0000','',NULL,'2014-11-15 18:54:32'),(33,NULL,0,NULL,'2014-08-20 14:42:53','stock_trade','gp_buy','-7469.9712','002362',400,'18.6600','0.0000','-7464.0000','5.9712','0.0000','0.0000','5.9712','',NULL,'2014-11-15 18:55:07'),(34,NULL,0,NULL,'2014-08-21 19:00:41','stock_trade','gp_sell','7514.4496','002362',-400,'18.8200','0.0000','7528.0000','6.0224','7.5280','0.0000','13.5504','',NULL,'2014-11-15 19:02:30'),(35,NULL,0,NULL,'2014-08-21 19:01:42','stock_trade','gp_buy','-6675.9552','601288',2700,'2.4700','0.0000','-6669.0000','5.3352','0.0000','1.6200','6.9552','','2014-11-15 19:02:17','2014-11-15 19:02:17'),(36,NULL,0,NULL,'2013-11-28 13:47:04','stock_trade','gp_buy','-2189.1200','601166',200,'10.9200','0.0000','-2184.0000','5.0000','0.0000','0.1200','5.1200','第一次交易','2014-11-16 13:49:41','2014-11-16 13:49:41'),(37,NULL,0,NULL,'2013-12-06 13:50:06','stock_trade','gp_buy','-4925.2400','601699',400,'12.3000','0.0000','-4920.0000','5.0000','0.0000','0.2400','5.2400','','2014-11-16 13:50:30','2014-11-16 13:50:30'),(38,NULL,0,NULL,'2013-12-12 13:50:48','stock_trade','gp_buy','-4925.2400','601166',400,'12.3000','0.0000','-4920.0000','5.0000','0.0000','0.2400','5.2400','','2014-11-16 13:51:09','2014-11-16 13:51:09'),(39,NULL,0,NULL,'2013-12-18 13:51:32','stock_trade','gp_buy','-4597.8400','601668',1400,'3.2800','0.0000','-4592.0000','5.0000','0.0000','0.8400','5.8400','',NULL,'2014-11-16 13:56:14'),(40,NULL,0,NULL,'2013-12-24 13:52:06','stock_trade','gp_buy','-4457.8400','601668',1400,'3.1800','0.0000','-4452.0000','5.0000','0.0000','0.8400','5.8400','','2014-11-16 13:52:30','2014-11-16 13:52:30'),(41,NULL,0,NULL,'2013-12-27 13:52:42','stock_trade','gp_buy','-4373.8400','601668',1400,'3.1200','0.0000','-4368.0000','5.0000','0.0000','0.8400','5.8400','',NULL,'2014-11-16 13:56:44'),(42,NULL,0,NULL,'2014-01-03 13:53:10','stock_trade','gp_buy','-4317.8400','601668',1400,'3.0800','0.0000','-4312.0000','5.0000','0.0000','0.8400','5.8400','',NULL,'2014-11-16 13:53:51'),(43,NULL,0,NULL,'2014-01-21 13:54:06','stock_trade','gp_buy','-3767.3600','600008',600,'6.2700','0.0000','-3762.0000','5.0000','0.0000','0.3600','5.3600','','2014-11-16 13:54:28','2014-11-16 13:54:28'),(44,NULL,0,NULL,'2013-12-04 14:11:49','stock_trade','gp_sell','2194.6780','601166',-200,'11.0100','0.0000','2202.0000','5.0000','2.2020','0.1200','7.3220','',NULL,'2014-12-20 14:15:39'),(45,NULL,0,NULL,'2013-12-11 14:14:11','stock_trade','gp_sell','4706.0440','601699',-400,'11.7900','0.0000','4716.0000','5.0000','4.7160','0.2400','9.9560','',NULL,'2014-12-20 14:15:50'),(46,NULL,0,NULL,'2013-12-18 14:14:46','stock_trade','gp_sell','4102.6480','601166',-400,'10.2800','0.0000','4112.0000','5.0000','4.1120','0.2400','9.3520','',NULL,'2014-12-20 14:16:17'),(47,NULL,0,NULL,'2013-12-20 14:15:19','stock_trade','gp_sell','4483.6660','601668',-1400,'3.2100','0.0000','4494.0000','5.0000','4.4940','0.8400','10.3340','',NULL,'2014-12-20 14:16:27'),(48,NULL,0,NULL,'2013-12-26 14:16:03','stock_trade','gp_sell','4343.8060','601668',-1400,'3.1100','0.0000','4354.0000','5.0000','4.3540','0.8400','10.1940','',NULL,'2014-12-20 14:16:34'),(49,NULL,0,NULL,'2014-01-02 14:16:33','stock_trade','gp_sell','4385.7640','601668',-1400,'3.1400','0.0000','4396.0000','5.0000','4.3960','0.8400','10.2360','',NULL,'2014-12-20 14:17:01'),(50,NULL,0,NULL,'2014-01-20 14:19:03','stock_trade','gp_sell','4161.9880','601668',-1400,'2.9800','0.0000','4172.0000','5.0000','4.1720','0.8400','10.0120','','2014-12-20 14:17:57','2014-12-20 14:17:57'),(51,NULL,0,NULL,'2014-01-23 14:19:47','stock_trade','gp_sell','3812.8180','600008',-600,'6.3700','0.0000','3822.0000','5.0000','3.8220','0.3600','9.1820','','2014-12-20 14:18:56','2014-12-20 14:18:56'),(52,NULL,0,NULL,'2014-01-23 14:23:28','stock_trade','gp_buy','-4197.0000','002449',400,'10.4800','0.0000','-4192.0000','5.0000','0.0000','0.0000','5.0000','','2014-12-20 14:22:11','2014-12-20 14:22:11'),(53,NULL,0,NULL,'2014-01-24 14:24:20','stock_trade','gp_buy','4239.0000','002449',-400,'10.6100','0.0000','4244.0000','5.0000','0.0000','0.0000','5.0000','','2014-12-20 14:23:33','2014-12-20 14:23:33'),(54,NULL,0,NULL,'2014-11-26 22:35:54','BSTRANS','BSINT','7000.0000',NULL,NULL,NULL,NULL,NULL,NULL,NULL,NULL,NULL,'','2014-12-26 22:34:29','2014-12-26 22:34:29'),(55,NULL,0,NULL,'2014-12-03 22:36:56','BSTRANS','BSINT','5000.0000',NULL,NULL,NULL,NULL,NULL,NULL,NULL,NULL,NULL,'','2014-12-26 22:35:23','2014-12-26 22:35:23'),(56,NULL,0,NULL,'2014-12-11 22:37:13','BSTRANS','BSINT','7000.0000','',NULL,NULL,NULL,NULL,NULL,NULL,NULL,NULL,'','2014-12-26 22:35:43','2014-12-26 22:36:22');

/*Table structure for table `sd_stock` */

DROP TABLE IF EXISTS `sd_stock`;

CREATE TABLE `sd_stock` (
  `stock_code` varchar(10) NOT NULL COMMENT '证券代码',
  `stock_name` varchar(20) DEFAULT NULL COMMENT '证券名称',
  `stock_type` varchar(10) DEFAULT NULL COMMENT '证券种类',
  `stock_market` varchar(10) DEFAULT NULL COMMENT '证券市场',
  PRIMARY KEY (`stock_code`),
  UNIQUE KEY `in_stock_code` (`stock_code`)
) ENGINE=InnoDB DEFAULT CHARSET=utf8;

/*Data for the table `sd_stock` */

insert  into `sd_stock`(`stock_code`,`stock_name`,`stock_type`,`stock_market`) values ('002024','苏宁云商','01','sz'),('002145','中核钛白','01','sz'),('002362','汉王科技','01','sz'),('002449','国兴光电','01','sz'),('600008','首创股份','01','ss'),('601166','兴业银行','01','ss'),('601288','农业银行','01','ss'),('601668','中国建筑','01','ss'),('601699','路安环能','01','ss');

/*Table structure for table `sd_stock_daliy` */

DROP TABLE IF EXISTS `sd_stock_daliy`;

CREATE TABLE `sd_stock_daliy` (
  `stock_code` char(10) NOT NULL,
  `re_date` date NOT NULL,
  `price_open` decimal(10,3) DEFAULT NULL,
  `price_close` decimal(10,3) DEFAULT NULL,
  `price_high` decimal(10,3) DEFAULT NULL,
  `price_low` decimal(10,3) DEFAULT NULL,
  `volume` decimal(16,0) DEFAULT NULL,
  PRIMARY KEY (`stock_code`,`re_date`)
) ENGINE=InnoDB DEFAULT CHARSET=utf8;

/*Data for the table `sd_stock_daliy` */

insert  into `sd_stock_daliy`(`stock_code`,`re_date`,`price_open`,`price_close`,`price_high`,`price_low`,`volume`) values ('002024','2014-10-01','8.560','8.560','8.560','8.560','0'),('002024','2014-10-02','8.560','8.560','8.560','8.560','0'),('002024','2014-10-03','8.560','8.560','8.560','8.560','0'),('002024','2014-10-06','8.560','8.560','8.560','8.560','0'),('002024','2014-10-07','8.560','8.560','8.560','8.560','0'),('002024','2014-10-08','8.560','8.480','8.590','8.380','140783500'),('002024','2014-10-09','8.580','8.530','8.660','8.370','156044900'),('002024','2014-10-10','8.480','8.580','8.620','8.380','136757100'),('002024','2014-10-13','8.500','8.500','8.580','8.430','87329900'),('002024','2014-10-14','8.470','8.530','8.700','8.450','132420300'),('002024','2014-10-15','8.700','8.620','8.760','8.510','132219000'),('002024','2014-10-16','8.540','8.230','8.610','8.210','179649100'),('002024','2014-10-17','8.210','7.950','8.330','7.840','143795100'),('002024','2014-10-20','7.990','8.030','8.100','7.920','80699100'),('002024','2014-10-21','8.030','8.060','8.220','7.970','87612900'),('002024','2014-10-22','8.090','7.990','8.210','7.960','75836400'),('002024','2014-10-23','7.970','7.740','7.990','7.710','104661000'),('002024','2014-10-24','7.750','7.680','7.800','7.650','69292800'),('002024','2014-10-27','7.650','7.780','7.800','7.610','55283100'),('002024','2014-10-28','7.780','7.930','7.940','7.770','78997300'),('002024','2014-10-29','7.970','8.120','8.150','7.890','123880500'),('002024','2014-10-30','8.120','8.030','8.190','8.000','114815300'),('002024','2014-10-31','8.130','8.240','8.250','8.020','173905600'),('002024','2014-11-03','8.240','8.260','8.350','8.190','131318300'),('002024','2014-11-04','8.270','8.120','8.330','8.090','112538700'),('002024','2014-11-05','8.180','8.440','8.500','8.050','215051600'),('002024','2014-11-06','8.400','8.360','8.510','8.280','130593300'),('002024','2014-11-07','8.360','8.350','8.440','8.210','146559100'),('002024','2014-11-10','8.380','8.420','8.430','8.250','129042100'),('002024','2014-11-11','8.430','7.950','8.480','7.920','204004600'),('002024','2014-11-12','7.910','7.960','7.970','7.780','101101600'),('002024','2014-11-13','8.000','7.740','8.010','7.680','108126200'),('002024','2014-11-14','7.720','7.740','7.790','7.640','62391100'),('002024','2015-03-02','11.800','12.070','12.290','11.680','230788700'),('002024','2015-03-03','12.000','11.900','12.480','11.820','255587100'),('002024','2015-03-04','11.900','11.790','12.070','11.570','188812500'),('002024','2015-03-05','11.690','12.240','12.240','11.600','227132400'),('002024','2015-03-06','12.300','11.730','12.300','11.710','174568700'),('002024','2015-03-09','11.600','11.500','11.640','11.150','168674200'),('002024','2015-03-10','11.520','11.530','11.890','11.410','128299400'),('002024','2015-03-11','11.580','11.600','11.850','11.460','126870000'),('002024','2015-03-12','11.490','11.220','11.640','11.030','200416100'),('002024','2015-03-13','11.260','11.330','11.450','11.170','131241300'),('002024','2015-03-16','11.580','11.940','12.040','11.490','236103800'),('002024','2015-03-17','11.960','11.880','12.120','11.720','204497300'),('002024','2015-03-18','11.870','12.810','13.070','11.760','422629700'),('002024','2015-03-19','12.720','12.920','13.010','12.500','265283200'),('002024','2015-03-20','12.800','12.860','13.270','12.710','213540900'),('002024','2015-03-23','13.060','12.970','13.260','12.800','208827000'),('002024','2015-03-24','12.970','12.790','13.250','12.300','270263700'),('002024','2015-03-25','12.790','13.690','14.070','12.710','417476100'),('002024','2015-03-26','13.480','13.090','13.580','13.000','290077500'),('002024','2015-03-27','13.190','13.170','13.400','13.030','158992600'),('002024','2015-03-30','13.150','13.190','13.240','12.910','225550700'),('002024','2015-03-31','13.220','13.070','13.550','12.960','255337100'),('002024','2015-04-01','13.240','13.240','13.460','13.090','207319700'),('002024','2015-04-02','13.810','13.600','14.170','13.420','412972800'),('002024','2015-04-03','13.500','13.450','13.560','13.250','246192900'),('002024','2015-04-06','13.450','13.450','13.450','13.450','0'),('002145','2014-09-01','9.610','9.900','9.960','9.580','8509500'),('002145','2014-09-02','9.850','10.050','10.080','9.820','9164800'),('002145','2014-09-03','10.250','10.060','10.300','9.980','11667900'),('002145','2014-09-04','10.130','10.090','10.140','9.990','10506200'),('002145','2014-09-05','10.060','10.310','10.320','10.060','16790000'),('002145','2014-09-08','10.310','10.310','10.310','10.310','0'),('002145','2014-09-09','10.350','10.280','10.380','10.190','10037400'),('002145','2014-09-10','10.260','10.540','10.590','10.170','19730300'),('002145','2014-09-11','10.580','10.340','10.610','10.240','19096200'),('002145','2014-09-12','10.330','10.460','10.500','10.220','9319500'),('002145','2014-09-15','10.410','10.530','10.550','10.280','12154100'),('002145','2014-09-16','10.630','10.060','10.810','10.020','18278400'),('002145','2014-09-17','10.020','10.120','10.140','9.800','8792800'),('002145','2014-09-18','10.090','10.200','10.340','10.000','6667500'),('002145','2014-10-01','11.040','11.040','11.040','11.040','0'),('002145','2014-10-02','11.040','11.040','11.040','11.040','0'),('002145','2014-10-03','11.040','11.040','11.040','11.040','0'),('002145','2014-10-06','11.040','11.040','11.040','11.040','0'),('002145','2014-10-07','11.040','11.040','11.040','11.040','0'),('002145','2014-10-08','11.000','10.980','11.040','10.680','12827400'),('002145','2014-10-09','11.040','11.080','11.080','10.800','14529200'),('002145','2014-10-10','11.010','10.850','11.030','10.810','9644200'),('002145','2014-10-13','10.760','10.960','11.040','10.760','9101100'),('002145','2014-10-14','11.180','11.700','12.060','11.170','38977300'),('002145','2014-10-15','11.550','11.640','11.700','11.330','21630200'),('002145','2014-10-16','11.500','11.140','11.540','11.140','14883200'),('002145','2014-10-17','11.090','10.830','11.200','10.600','12334700'),('002145','2014-10-20','10.840','11.110','11.190','10.840','9016900'),('002145','2014-10-21','11.080','10.800','11.090','10.790','8029500'),('002145','2014-10-22','10.740','10.670','11.050','10.650','8185800'),('002145','2014-10-23','10.690','10.330','10.750','10.250','9396400'),('002145','2014-10-24','10.360','10.420','10.560','10.360','5382100'),('002145','2014-10-27','10.410','10.620','10.640','10.360','4813300'),('002145','2014-10-28','10.670','11.160','11.340','10.620','11655400'),('002145','2014-10-29','11.600','11.460','11.890','11.350','27979600'),('002145','2014-10-30','11.400','11.320','11.690','11.300','15221800'),('002145','2014-10-31','11.310','11.370','11.480','11.200','10989900'),('002145','2014-11-03','11.390','11.790','11.840','11.370','20451600'),('002145','2014-11-04','11.770','11.490','11.770','11.410','12016500'),('002145','2014-11-05','11.490','11.330','11.550','11.220','8026800'),('002145','2014-11-06','11.340','11.750','11.830','11.250','15716700'),('002145','2014-11-07','11.810','11.410','12.000','11.310','14510200'),('002145','2014-11-10','11.410','11.410','11.410','11.410','0'),('002145','2014-11-11','11.410','11.410','11.410','11.410','0'),('002145','2014-11-12','11.410','11.410','11.410','11.410','0'),('002145','2014-11-13','11.410','11.410','11.410','11.410','0'),('002145','2014-11-14','11.410','11.410','11.410','11.410','0'),('002362','2014-11-03','21.120','21.710','21.850','21.020','5547800'),('002362','2014-11-04','21.580','21.460','21.880','21.280','4611200'),('002362','2014-11-05','21.250','21.100','21.460','21.000','3892500'),('002362','2014-11-06','21.060','21.620','21.620','21.000','4528400'),('002362','2014-11-07','21.750','21.430','22.300','21.330','8946600'),('002362','2014-11-10','21.300','21.290','21.530','21.000','4272000'),('002362','2014-11-11','21.180','19.990','21.240','19.900','7964500'),('002362','2014-11-12','19.880','20.310','20.390','19.680','4272900'),('002362','2014-11-13','20.240','19.570','20.350','19.370','5680700'),('002362','2014-11-14','19.570','19.500','19.650','19.120','3169000'),('600008','2014-11-03','7.630','7.600','7.680','7.580','16498900'),('600008','2014-11-04','7.600','7.530','7.660','7.510','14963600'),('600008','2014-11-05','7.550','7.540','7.570','7.470','13051200'),('600008','2014-11-06','7.540','7.590','7.620','7.480','13757100'),('600008','2014-11-07','7.590','7.510','7.680','7.500','19709700'),('600008','2014-11-10','7.480','7.530','7.560','7.430','13861900'),('600008','2014-11-11','7.530','7.290','7.580','7.230','18024800'),('600008','2014-11-12','7.300','7.390','7.390','7.280','11514600'),('600008','2014-11-13','7.390','7.200','7.390','7.180','19619700'),('600008','2014-11-14','7.220','7.200','7.280','7.190','11891900'),('601166','2014-11-03','11.030','10.760','11.090','10.720','207461700'),('601166','2014-11-04','10.810','10.650','10.820','10.610','143671000'),('601166','2014-11-05','10.620','10.490','10.680','10.450','198023800'),('601166','2014-11-06','10.540','10.480','10.560','10.400','139605500'),('601166','2014-11-07','10.480','10.590','10.900','10.430','316085800'),('601166','2014-11-10','10.790','10.820','10.910','10.630','257378300'),('601166','2014-11-11','10.840','11.040','11.350','10.840','576248000'),('601166','2014-11-12','10.890','11.020','11.030','10.830','201705400'),('601166','2014-11-13','11.080','10.940','11.230','10.890','242835100'),('601166','2014-11-14','10.890','10.860','10.980','10.730','184986800'),('601288','2014-08-01','2.510','2.520','2.570','2.500','240168000'),('601288','2014-08-04','2.530','2.530','2.540','2.510','154113900'),('601288','2014-08-05','2.540','2.530','2.550','2.520','134652900'),('601288','2014-08-06','2.530','2.530','2.540','2.500','137825800'),('601288','2014-08-07','2.530','2.490','2.540','2.490','125412900'),('601288','2014-08-08','2.500','2.500','2.510','2.480','108872900'),('601288','2014-08-11','2.510','2.520','2.530','2.500','80385700'),('601288','2014-08-12','2.520','2.510','2.530','2.500','77972800'),('601288','2014-08-13','2.510','2.510','2.520','2.490','128507400'),('601288','2014-08-14','2.500','2.500','2.520','2.490','123949200'),('601288','2014-08-15','2.510','2.520','2.520','2.490','95062600'),('601288','2014-08-18','2.520','2.500','2.520','2.500','96714800'),('601288','2014-08-19','2.500','2.510','2.520','2.500','152261700'),('601288','2014-08-20','2.510','2.500','2.510','2.490','69961700'),('601288','2014-08-21','2.500','2.480','2.510','2.470','119562600'),('601288','2014-08-22','2.480','2.480','2.490','2.470','112642300'),('601288','2014-08-25','2.480','2.460','2.490','2.460','98612200'),('601288','2014-08-26','2.460','2.460','2.470','2.450','95495800'),('601288','2014-08-27','2.450','2.450','2.460','2.440','55448800'),('601288','2014-08-28','2.440','2.410','2.450','2.410','75657600'),('601288','2014-08-29','2.420','2.430','2.440','2.410','90323000'),('601288','2014-09-01','2.440','2.440','2.450','2.420','110201000'),('601288','2014-09-02','2.440','2.470','2.480','2.440','146745400'),('601288','2014-09-03','2.480','2.500','2.510','2.470','140760300'),('601288','2014-09-04','2.500','2.510','2.520','2.490','95434500'),('601288','2014-09-05','2.520','2.520','2.530','2.510','111097200'),('601288','2014-09-08','2.520','2.520','2.520','2.520','0'),('601288','2014-09-09','2.530','2.510','2.530','2.510','87943400'),('601288','2014-09-10','2.510','2.490','2.510','2.480','118472500'),('601288','2014-09-11','2.490','2.480','2.510','2.480','156334100'),('601288','2014-09-12','2.480','2.500','2.500','2.470','74291400'),('601288','2014-09-15','2.490','2.480','2.490','2.470','113939900'),('601288','2014-09-16','2.490','2.500','2.530','2.480','271938200'),('601288','2014-09-17','2.490','2.490','2.500','2.480','174592300'),('601288','2014-09-18','2.480','2.500','2.510','2.470','176363900'),('601288','2014-11-03','2.550','2.540','2.560','2.530','317516500'),('601288','2014-11-04','2.540','2.540','2.550','2.520','220868300'),('601288','2014-11-05','2.530','2.500','2.540','2.490','332531900'),('601288','2014-11-06','2.500','2.500','2.510','2.490','155934800'),('601288','2014-11-07','2.500','2.490','2.540','2.480','346261200'),('601288','2014-11-10','2.510','2.550','2.560','2.500','494305600'),('601288','2014-11-11','2.560','2.690','2.770','2.560','1288104000'),('601288','2014-11-12','2.650','2.650','2.660','2.610','452892300'),('601288','2014-11-13','2.660','2.640','2.700','2.630','506919000'),('601288','2014-11-14','2.650','2.670','2.680','2.620','350516400'),('601668','2014-11-03','3.490','3.590','3.630','3.490','471347400'),('601668','2014-11-04','3.570','3.870','3.950','3.570','989480800'),('601668','2014-11-05','3.890','3.730','3.920','3.720','523014900'),('601668','2014-11-06','3.720','3.810','3.850','3.650','462256000'),('601668','2014-11-07','3.810','3.670','3.870','3.640','478203300'),('601668','2014-11-10','3.780','4.040','4.040','3.700','1293941600'),('601668','2014-11-11','4.050','4.030','4.110','3.960','965343700'),('601668','2014-11-12','3.990','4.010','4.020','3.920','533213000'),('601668','2014-11-13','4.000','3.970','4.060','3.920','443508400'),('601668','2014-11-14','3.940','4.000','4.010','3.890','335793600'),('601699','2014-11-03','9.280','9.390','9.450','9.230','38545200'),('601699','2014-11-04','9.320','9.590','9.680','9.240','62094000'),('601699','2014-11-05','9.570','9.420','9.690','9.400','36898700'),('601699','2014-11-06','9.350','9.350','9.450','9.200','26651600'),('601699','2014-11-07','9.250','9.210','9.500','9.180','39435200'),('601699','2014-11-10','9.230','9.470','9.480','9.180','37124200'),('601699','2014-11-11','9.600','9.650','9.850','9.400','88323600'),('601699','2014-11-12','9.810','10.150','10.470','9.770','114928600'),('601699','2014-11-13','10.000','9.930','10.110','9.740','72907200'),('601699','2014-11-14','9.800','9.790','9.940','9.670','38755200');

/*Table structure for table `sd_trade_fee` */

DROP TABLE IF EXISTS `sd_trade_fee`;

CREATE TABLE `sd_trade_fee` (
  `fee_id` int(11) NOT NULL AUTO_INCREMENT,
  `user_id` int(11) DEFAULT NULL,
  `trade_code` varchar(100) DEFAULT NULL,
  `stock_market` varchar(100) DEFAULT NULL,
  `fee_commision_base` varchar(100) DEFAULT NULL,
  `fee_commision_rate` decimal(16,4) DEFAULT NULL,
  `fee_commision_min` decimal(16,4) DEFAULT NULL,
  `fee_commision_max` decimal(16,4) DEFAULT NULL,
  `fee_tax_base` varchar(100) DEFAULT NULL,
  `fee_tax_rate` decimal(16,4) DEFAULT NULL,
  `fee_tax_min` decimal(16,4) DEFAULT NULL,
  `fee_tax_max` decimal(16,4) DEFAULT NULL,
  `fee_other_base` varchar(100) DEFAULT NULL,
  `fee_other_rate` decimal(16,4) DEFAULT NULL,
  `fee_other_min` decimal(16,4) DEFAULT NULL,
  `fee_other_max` decimal(16,4) DEFAULT NULL,
  PRIMARY KEY (`fee_id`)
) ENGINE=InnoDB AUTO_INCREMENT=8 DEFAULT CHARSET=utf8;

/*Data for the table `sd_trade_fee` */

insert  into `sd_trade_fee`(`fee_id`,`user_id`,`trade_code`,`stock_market`,`fee_commision_base`,`fee_commision_rate`,`fee_commision_min`,`fee_commision_max`,`fee_tax_base`,`fee_tax_rate`,`fee_tax_min`,`fee_tax_max`,`fee_other_base`,`fee_other_rate`,`fee_other_min`,`fee_other_max`) values (4,0,'gp_buy','ss','stockAllpric','0.0800','5.0000','0.0000','stockAllpric','0.0000','0.0000','0.0000','stockCnt','0.0600','0.0000','0.0000'),(5,0,'gp_sell','ss','stockAllpric','0.0800','5.0000','0.0000','stockAllpric','0.1000','0.0000','0.0000','stockCnt','0.0600','0.0000','0.0000'),(6,0,'gp_buy','sz','stockAllpric','0.0800','5.0000','0.0000','stockAllpric','0.0000','0.0000','0.0000','stockCnt','0.0000','0.0000','0.0000'),(7,0,'gp_sell','sz','stockAllpric','0.0800','5.0000','0.0000','stockAllpric','0.1000','0.0000','0.0000','stockCnt','0.0000','0.0000','0.0000');

/*Table structure for table `sd_trade_type` */

DROP TABLE IF EXISTS `sd_trade_type`;

CREATE TABLE `sd_trade_type` (
  `trade_code` varchar(100) NOT NULL,
  `trade_name` varchar(100) NOT NULL,
  `trade_pcode` varchar(100) DEFAULT NULL,
  PRIMARY KEY (`trade_code`)
) ENGINE=InnoDB DEFAULT CHARSET=utf8;

/*Data for the table `sd_trade_type` */

insert  into `sd_trade_type`(`trade_code`,`trade_name`,`trade_pcode`) values ('BSINT','转入','BSTRANS'),('BSOUT','转出','BSTRANS'),('BSTRANS','银证转账',NULL),('gp_buy','股票买','stock_trade'),('gp_sell','股票卖','stock_trade'),('stock_trade','证券交易',NULL);

/*!40101 SET SQL_MODE=@OLD_SQL_MODE */;
/*!40014 SET FOREIGN_KEY_CHECKS=@OLD_FOREIGN_KEY_CHECKS */;
/*!40014 SET UNIQUE_CHECKS=@OLD_UNIQUE_CHECKS */;
/*!40111 SET SQL_NOTES=@OLD_SQL_NOTES */;
